frame_id,screen_name,app,file,status
DS,Design system board · page 1 of 25,both,system/DS-board-01.png,In the app
DS,Design system board · page 2 of 25,both,system/DS-board-02.png,In the app
DS,Design system board · page 3 of 25,both,system/DS-board-03.png,In the app
DS,Design system board · page 4 of 25,both,system/DS-board-04.png,In the app
DS,Design system board · page 5 of 25,both,system/DS-board-05.png,In the app
DS,Design system board · page 6 of 25,both,system/DS-board-06.png,In the app
DS,Design system board · page 7 of 25,both,system/DS-board-07.png,In the app
DS,Design system board · page 8 of 25,both,system/DS-board-08.png,In the app
DS,Design system board · page 9 of 25,both,system/DS-board-09.png,In the app
DS,Design system board · page 10 of 25,both,system/DS-board-10.png,In the app
DS,Design system board · page 11 of 25,both,system/DS-board-11.png,In the app
DS,Design system board · page 12 of 25,both,system/DS-board-12.png,In the app
DS,Design system board · page 13 of 25,both,system/DS-board-13.png,In the app
DS,Design system board · page 14 of 25,both,system/DS-board-14.png,In the app
DS,Design system board · page 15 of 25,both,system/DS-board-15.png,In the app
DS,Design system board · page 16 of 25,both,system/DS-board-16.png,In the app
DS,Design system board · page 17 of 25,both,system/DS-board-17.png,In the app
DS,Design system board · page 18 of 25,both,system/DS-board-18.png,In the app
DS,Design system board · page 19 of 25,both,system/DS-board-19.png,In the app
DS,Design system board · page 20 of 25,both,system/DS-board-20.png,In the app
DS,Design system board · page 21 of 25,both,system/DS-board-21.png,In the app
DS,Design system board · page 22 of 25,both,system/DS-board-22.png,In the app
DS,Design system board · page 23 of 25,both,system/DS-board-23.png,In the app
DS,Design system board · page 24 of 25,both,system/DS-board-24.png,In the app
DS,Design system board · page 25 of 25,both,system/DS-board-25.png,In the app
P-01,Splash,passenger,passenger/P-01.png,In the app
P-02a,Onboarding · Lower fares,passenger,passenger/P-02a.png,In the app
P-02b,Onboarding · Driver keeps 100%,passenger,passenger/P-02b.png,In the app
P-02c,Onboarding · Rides and parcels,passenger,passenger/P-02c.png,In the app
P-03,Phone number,passenger,passenger/P-03.png,In the app
P-04,OTP verification,passenger,passenger/P-04.png,In the app
P-05,Profile setup,passenger,passenger/P-05.png,In the app
P-06,Location permission,passenger,passenger/P-06.png,In the app
P-07,Home · Ride tab,passenger,passenger/P-07.png,In the app
P-07b,Home · trip in progress banner,passenger,passenger/P-07b.png,In the app
P-08,Search pickup and drop,passenger,passenger/P-08.png,In the app
P-09,Pin on map,passenger,passenger/P-09.png,In the app
P-10,Choose vehicle,passenger,passenger/P-10.png,In the app
P-34,Rent a cab · by the hour,passenger,passenger/P-34.png,Added after the design
P-35,Outstation · one way or round trip,passenger,passenger/P-35.png,Added after the design
P-35b,Outstation · where to,passenger,passenger/P-35b.png,Added after the design
P-36,Booked for later,passenger,passenger/P-36.png,Added after the design
P-11,Fare details (sheet),passenger,passenger/P-11.png,In the app
P-12,Finding your driver,passenger,passenger/P-12.png,In the app
P-13,Driver assigned · arriving,passenger,passenger/P-13.png,In the app
P-14,Chat with driver,passenger,passenger/P-14.png,In the app
P-15,Driver has arrived,passenger,passenger/P-15.png,In the app
P-16,Ride in progress,passenger,passenger/P-16.png,In the app
P-17,SOS · Emergency help,passenger,passenger/P-17.png,In the app
P-18,Share trip (sheet),passenger,passenger/P-18.png,In the app
P-19,Ride completed · pay driver,passenger,passenger/P-19.png,In the app
P-20,Rate driver,passenger,passenger/P-20.png,In the app
P-21,Activity,passenger,passenger/P-21.png,In the app
P-22,Trip details,passenger,passenger/P-22.png,In the app
P-23,Account,passenger,passenger/P-23.png,In the app
P-23b,Add / edit saved place,passenger,passenger/P-23b.png,In the app
P-24,Emergency contacts,passenger,passenger/P-24.png,In the app
P-24b,Add emergency contact (sheet),passenger,passenger/P-24b.png,In the app
P-25,Help & support,passenger,passenger/P-25.png,In the app
P-25b,New support ticket,passenger,passenger/P-25b.png,In the app
PP-01,Parcel home,passenger,parcel/PP-01.png,In the app
PP-02,Pickup details,passenger,parcel/PP-02.png,In the app
PP-03,Drop · receiver details,passenger,parcel/PP-03.png,In the app
PP-04,Parcel details,passenger,parcel/PP-04.png,In the app
PP-05,Prohibited items (sheet),passenger,parcel/PP-05.png,In the app
PP-06,Choose goods vehicle · review,passenger,parcel/PP-06.png,In the app
PP-07,Finding a goods driver,passenger,parcel/PP-07.png,In the app
PP-08,Driver assigned · picking up,passenger,parcel/PP-08.png,In the app
PP-09,Parcel in transit,passenger,parcel/PP-09.png,In the app
PP-10,Parcel delivered,passenger,parcel/PP-10.png,In the app
PH-01,Packers & Movers · moving details,passenger,parcel/PH-01.png,Added after the design
PH-02,Packers & Movers · items (typed),passenger,parcel/PH-02.png,Added after the design
PH-03,Packers & Movers · day and extras,passenger,parcel/PH-03.png,Added after the design
PH-04,Packers & Movers · review,passenger,parcel/PH-04.png,Added after the design
PH-05,Packers & Movers · booked,passenger,parcel/PH-05.png,Added after the design
S-01,No drivers nearby,passenger,states/S-01.png,In the app
S-02,Driver cancelled,passenger,states/S-02.png,In the app
S-03,Cancel ride · confirm dialog,passenger,states/S-03.png,In the app
S-04,No internet,passenger,states/S-04.png,In the app
S-05,Location permission denied,passenger,states/S-05.png,In the app
S-06,Empty activity,passenger,states/S-06.png,In the app
S-07a,Loading · Home sheet skeleton,passenger,states/S-07a.png,In the app
S-07b,Loading · Activity skeleton,passenger,states/S-07b.png,In the app
S-08,Service not available,passenger,states/S-08.png,In the app
P-10b,Who's riding (sheet),passenger,passenger/P-10b.png,Added after the design
P-26,Edit profile,passenger,passenger/P-26.png,Added after the design
P-27,Saved places,passenger,passenger/P-27.png,Added after the design
P-28,Safety preferences,passenger,passenger/P-28.png,Added after the design
P-29,Verify identity,passenger,passenger/P-29.png,Added after the design
P-31,About,passenger,passenger/P-31.png,Added after the design
P-32,Terms,passenger,passenger/P-32.png,Added after the design
P-33,Privacy,passenger,passenger/P-33.png,Added after the design
D-01,Splash,driver,driver/D-01.png,In the app
D-02,Welcome,driver,driver/D-02.png,In the app
D-03a,Phone number,driver,driver/D-03a.png,In the app
D-03b,OTP verification,driver,driver/D-03b.png,In the app
D-04,Choose work type,driver,driver/D-04.png,In the app
D-05,Choose vehicle,driver,driver/D-05.png,As in the flow (plans off: no price)
D-06,Personal details,driver,driver/D-06.png,In the app
D-07,Registration · vehicle card + checklist,driver,driver/D-07.png,In the app
D-08a,Upload document · before capture,driver,driver/D-08a.png,In the app
D-08b,Upload document · captured,driver,driver/D-08b.png,In the app
D-09,Selfie verification,driver,driver/D-09.png,In the app
D-11,Choose plan · start free trial,driver,driver/D-11.png,Off while the app is free (paid plans switched off)
D-12a,UPI Autopay setup,driver,driver/D-12a.png,Off while the app is free (paid plans switched off)
D-12b,Autopay success,driver,driver/D-12b.png,Off while the app is free (paid plans switched off)
D-13,Home · offline,driver,driver/D-13.png,In the app
D-14,"Home · online, waiting",driver,driver/D-14.png,In the app
D-14b,Home · trip in progress banner,driver,driver/D-14b.png,In the app
D-15,Incoming ride request,driver,driver/D-15.png,In the app
D-15c,Incoming request · rental,driver,driver/D-15c.png,Added after the design
D-15d,"Incoming request · outstation, booked ahead",driver,driver/D-15d.png,Added after the design
D-16,Navigate to pickup,driver,driver/D-16.png,In the app
D-17,Enter ride OTP,driver,driver/D-17.png,In the app
D-17-error,Enter ride OTP · error state,driver,driver/D-17-error.png,In the app
D-18,Ride in progress,driver,driver/D-18.png,In the app
D-18c,Rental in progress,driver,driver/D-18c.png,Added after the design
D-18b,Driver SOS,driver,driver/D-18b.png,In the app
D-19,Collect payment,driver,driver/D-19.png,In the app
D-19c,Collect payment · rental with extra km and time,driver,driver/D-19c.png,Added after the design
D-20,Incoming delivery request,driver,driver/D-20.png,In the app
D-20c,Incoming request · Packers & Movers,driver,driver/D-20c.png,Added after the design
D-21,Delivery in progress,driver,driver/D-21.png,In the app
D-21c,Packers & Movers · at the pickup,driver,driver/D-21c.png,Added after the design
D-22a,Complete delivery with OTP,driver,driver/D-22a.png,In the app
D-22b,Collect from receiver,driver,driver/D-22b.png,In the app
D-22c,Collect · Packers & Movers,driver,driver/D-22c.png,Added after the design
D-23,Earnings,driver,driver/D-23.png,In the app
D-23b,Earnings · trip detail sheet,driver,driver/D-23b.png,In the app
D-24,Plan · active,driver,driver/D-24.png,Off while the app is free (paid plans switched off)
D-24b,Plan · paused,driver,driver/D-24b.png,Off while the app is free (paid plans switched off)
D-24c,Plan · cancelled,driver,driver/D-24c.png,Off while the app is free (paid plans switched off)
D-25a,Home · grace period,driver,driver/D-25a.png,Off while the app is free (paid plans switched off)
D-25b,Home · plan expired,driver,driver/D-25b.png,Off while the app is free (paid plans switched off)
D-26,Driver account,driver,driver/D-26.png,In the app
D-40,Services,driver,driver/D-40.png,Added after the design
D-40b,Services · pause sheet,driver,driver/D-40b.png,Added after the design
D-41,Rate card,driver,driver/D-41.png,Added after the design
S-10,Account on hold,driver,states/S-10.png,In the app
S-10b,Paused for cancellations,driver,states/S-10b.png,Added after the design
S-11,Missed ride request,driver,states/S-11.png,In the app
S-12,No ride requests yet,driver,states/S-12.png,In the app
S-13,Selfie check before going online,driver,states/S-13.png,In the app
S-14,Autopay payment failed,driver,states/S-14.png,Off while the app is free (paid plans switched off)
S-15,Empty earnings,driver,states/S-15.png,In the app
S-16,GPS weak / location off,driver,states/S-16.png,In the app
S-17,Cancellation rate warning,driver,states/S-17.png,Added after the design
D-27,Profile photo,driver,driver/D-27.png,Added after the design
D-28,My documents,driver,driver/D-28.png,Added after the design
D-29,Vehicle details,driver,driver/D-29.png,Added after the design
D-30,UPI ID,driver,driver/D-30.png,Added after the design
D-31,Emergency contact,driver,driver/D-31.png,Added after the design
D-32,Booking preferences,driver,driver/D-32.png,Added after the design
D-34,Help & support,driver,driver/D-34.png,Added after the design
D-35,Raise a ticket,driver,driver/D-35.png,Added after the design
D-36,Chat with passenger,driver,driver/D-36.png,Added after the design
D-38,Terms,driver,driver/D-38.png,Added after the design
D-39,Privacy,driver,driver/D-39.png,Added after the design
